bucket,n,mean_p,win_rate,avg_R,avg_entry,avg_exit
0,97,0.013001064647831833,0.23711340206185566,2.2708066812951654e-15,1.21974175257732,1.218742783505155
1,89,0.05317738074908043,0.3146067415730337,0.21989922068167014,1.1694584269662922,1.1684848314606744
2,94,0.1321080100654602,0.22340425531914893,-0.005061287150087541,1.142851595744681,1.1423117021276599
3,92,0.23869988878103518,0.21739130434782608,-0.13043478260869565,1.133103804347826,1.133025543478261
4,93,0.5617287655248682,0.24731182795698925,0.1720430107526929,1.1509806451612905,1.1511521505376345
