AUC,Brier,LogLoss
0.5159107023510942,0.2333968578315233,0.8017395575129129
