AUC,Brier,LogLoss
0.8749152569328007,0.14175811093688742,0.4490868972528297
