bucket,n,mean_p,win_rate,avg_R,avg_entry,avg_exit
0,92,0.0968581530960097,0.30434782608695654,0.2934782608695653,1.1178241304347827,1.1177310063866288
1,92,0.45214087621277266,0.391304347826087,0.7499999999999999,1.0967071739130434,1.0968950596479277
2,92,0.9283076762947097,0.7391304347826086,2.630434782608696,1.109041956521739,1.1097601993731696
3,96,0.9912458240412841,0.9791666666666666,3.89583333339664,1.0989701041666666,1.0989734334374999
4,88,0.9966021700065643,0.9772727272727273,3.8863636363636362,1.1267031818181819,1.1267021572727272
