AUC,Brier,LogLoss
0.5483252625818344,0.21321334156927593,0.7433838166397224
