AUC,Brier,LogLoss
0.8696952347104479,0.15157071527933114,0.48112759927819393
